Type - Number	Postmarked	Location - Map	Tag	Tag	Tag	Tag	Tag	Tag	Tag	Tag	Tag	Tag	Carousel
Postcard 1		USA	Mammy stereotype	Jim Crow	racist caricature	desexualized caricature	USA						No
Postcard 2	4 October, 1907	USA	Mammy stereotype	Jim Crow	racist caricature		USA						No
Postcard 3	3 August, 1905	USA	Mammy stereotype	Jim Crow	racist caricature	desexualized caricature	Antebellum Nostalgia	Sentimentalization	USA				No
Postcard 4		USA	Mammy stereotype	Jim Crow	racist caricature	desexualized caricature	USA						Yes
Postcard 5	13 July, 1907	USA	Mammy stereotype	Jim Crow	racist caricature	desexualized caricature	USA						Yes
Postcard 6	30 January, 1911	USA	Mammy stereotype	Jim Crow	photographic	hand-tinted	USA	anthropological/ethnographic					Yes
Postcard 7	13 February, 1911	USA	Mammy stereotype	Jim Crow	photographic	hand-tinted	USA	anthropological/ethnographic					Yes
Postcard 8		USA	Mammy stereotype	Jim Crow	anthropological/ethnographic	desexualized caricature	USA	Sentimentalization					Yes
Postcard 9	26 May, 1911	USA	Mammy stereotype	Jim Crow	racist caricature	desexualized caricature	USA						No
Postcard 10	26 March, 1907	USA	Mammy stereotype	Jim Crow	racist caricature	desexualized caricature	USA						No
Postcard 11	9 August, 1921	USA	Mammy stereotype	Jim Crow	racist caricature	animalization	USA						Yes
Postcard 12		France	Mammy stereotype	Jim Crow	racist caricature	desexualized caricature							No
Postcard 13		USA	Mammy stereotype	Jim Crow	racist caricature	photographic	hand-tinted	white-bordered	USA				No
Postcard 14		USA	Mammy stereotype	Jim Crow	racist caricature	desexualized caricature							No
Postcard 15	19 June, 1909	Netherlands	Mammy stereotype	Jim Crow	racist caricature	desexualized caricature							Yes
Postcard 16		France	anthropological/ethnographic	sentimentalization	France								Yes
Postcard 17		France	Mammy stereotype	sexualization	France	racist caricature	white-bordered						No
Postcard 18		USA	Mammy stereotype	white-bordered	anthropological/ethnographic	Jim Crow	Antebellum Nostalgia	Sentimentalization	USA	photographic	hand-tinted		Yes
Postcard 19		USA	Mammy stereotype	white-bordered	Jim Crow	desexualized caricature	USA	Sentimentalization	racist caricature				Yes
Postcard 20		USA	Mammy stereotype	photographic	sentimentalization	desexualized caricature	USA [?]						Yes
Postcard 21	17 December, 1911	USA	racist caricature	sentimentalization	Jim Crow	USA							Yes
Postcard 22		USA	racist caricature	sentimentalization	Jim Crow	USA	Mammy Stereotype						Yes
Postcard 23		USA	sentimentalization	Jim Crow	USA	Mammy stereotype	white-bordered						Yes
Postcard 24		USA	photographic	anthropological/ethnographic	USA	Jim Crow	Tuck's postcards	Mammy stereotype	hand-tinted				Yes
Postcard 25	16 January, 19[?]	USA	anthropological/ethnographic	USA	Jim Crow	Mammy stereotype	Sentimentalization						Yes
Postcard 26		USA	USA	Jim Crow	Mammy stereotype	Antebellum nostalgia	racist caricature						No
Postcard 27		USA	Jim Crow	Mammy stereotype	sentimentalization	photographic							Yes
Postcard 28		USA	Mammy stereotype	sentimentalization	antebellum nostalgia	photographic	white-bordered						Yes
Postcard 29	22 November, 1909	USA	Mammy stereotype	sentimentalization	photographic	hand-tinted	white-bordered	jim crow					No
Postcard 30	24 November, 1909	USA	Mammy stereotype	sentimentalization	photographic	hand-tinted	white-bordered	jim crow					No
Postcard 31		USA	Mammy stereotype	photographic	hand-tinted	white-bordered	Jim Crow	USA					Yes
Postcard 32		USA	Mammy stereotype	photographic	hand-tinted	white-bordered	Jim Crow	USA					Yes
Postcard 33		USA	Mammy stereotype	photographic	hand-tinted	white-bordered	Antebellum Nostalgia	USA					Yes
Postcard 34		NO DATA											
Postcard 35		NO DATA											
Postcard 36		NO DATA											
Postcard 37		NO DATA											
Postcard 38		NO DATA											
Postcard 39		NO DATA											
Postcard 40		NO DATA											
Postcard 41		NO DATA											
Postcard 42		NO DATA											
Postcard 43		NO DATA											
Postcard 44		NO DATA											
Postcard 45		NO DATA											
Postcard 46		NO DATA											
Postcard 47		NO DATA											
Postcard 48		NO DATA											
Postcard 49		NO DATA											
Postcard 50		NO DATA											
Postcard 51		NO DATA											
Postcard 52		NO DATA											
Postcard 53		NO DATA											
Postcard 54		NO DATA											
Postcard 55		NO DATA											
Postcard 56		NO DATA											
Postcard 57		NO DATA											
Postcard 58		NO DATA											
Postcard 59		NO DATA											
Postcard 60		NO DATA											
Postcard 61		NO DATA											
Postcard 62		NO DATA											
Postcard 63		NO DATA											
Postcard 64		NO DATA											
Postcard 65		NO DATA											
Postcard 66		NO DATA											
Postcard 67		NO DATA											
Postcard 68		NO DATA											
Postcard 69		NO DATA											
Postcard 70		NO DATA											
Postcard 71		NO DATA											
Postcard 72		NO DATA											
Postcard 73		NO DATA											
Postcard 74		NO DATA											
Postcard 75		NO DATA											
Postcard 76		NO DATA											
Postcard 77		NO DATA											
Postcard 78		NO DATA											
Postcard 79		NO DATA											
Postcard 80		NO DATA											
Postcard 81		NO DATA											
Postcard 82		NO DATA											
Postcard 83		NO DATA											
Postcard 84		NO DATA											
Postcard 85		NO DATA											
Postcard 86		NO DATA											
Postcard 87		NO DATA											
Postcard 88		NO DATA											
Postcard 89		NO DATA											
Postcard 90		NO DATA											
Postcard 91		NO DATA											
Postcard 92		NO DATA											
Postcard 93		NO DATA											
Postcard 94		NO DATA											
Postcard 95		NO DATA											
Postcard 96		NO DATA											
Postcard 97		NO DATA											
Postcard 98		NO DATA											
Postcard 99		NO DATA											
Postcard 100		NO DATA											
Postcard 101	January 7, 1904	France	South Asia	Indian Ayah	France	Anthropological/ethnographic							No
Postcard 102		India	South Asia	Indian Ayah	Anthropological/Ethnographic	British Empire	Desexualization						No
Postcard 103		UK	South Asia	Indian Ayah	Anthropological/Ethnographic	British Empire	Desexualization						No
Postcard 104		UK	South Asia	Indian Ayah	Anthropological/Ethnographic	British Empire	Desexualization	Sentimentalization					No
Postcard 105		India	South Asia	Indian Ayah	Anthropological/Ethnographic	British Empire	Sentimentalization						No
Postcard 106		India	South Asia	Indian Ayah	British Empire	Orientalization	Sentimentalization	Anthropological/Ethnographic					No
Postcard 107		India	South Asia	Indian Ayah	Anthropological/Ethnographic	Sentimentalization	Infantilization						No
Postcard 108		India	South Asia	Indian Ayah	Moorli Dhur & Sons	British Empire	Hand Tinted	Anthropological/Ethnographic					No
Postcard 109		Germany	South Asia	Indian Ayah	Moorli Dhur & Sons	British Empire	Hand Tinted	Anthropological/Ethnographic					No
Postcard 110		India	South Asia	Indian Ayah	British Empire	Orientalization	Sentimentalization						No
Postcard 111		Sri Lanka	South Asia	Indian Ayah	Anthropological/Ethnographic	Sexualization	Hand Tinted	White-Bordered	Orientalized Stereotype				Yes
Postcard 112		Germany	South Asia	Indian Ayah	Anthropological/Ethnographic	British Empire	White-Bordered						No
Postcard 113		India	South Asia	Indian Ayah	Anthropological/Ethnographic	Sentimentalization	Photographic	British Empire					No
Postcard 114		India	South Asia	Indian Ayah	Anthropological/Ethnographic	Desexualization	British Empire	Photographic					Yes
Postcard 115		India	South Asia	Indian Ayah	British Empire	Food	Photographic						No
Postcard 116		UK	South Asia	Indian Ayah	British Empire	Anthropological/ethnographic	Orientalization	Photographic	Desexualization				No
Postcard 117		NO DATA											
Postcard 118		Sri Lanka	South Asia	Indian Ayah	British Empire	Anthropological/Ethnigraphic	Orientalization	Photographic					Yes
Postcard 119		India	South Asia	Indian Ayah	British Empire	Anthropological/Ethnigraphic	Photographic						Yes
Postcard 120		Germany	South Asia	Indian Ayah	British Empire	Anthropological/Ethnigraphic	Orientalization	Photographic	Desexualization				No
Postcard 121		India	South Asia	Indian Ayah	British Empire	Anthropological/Ethnigraphic	Hand-tinted	Orientalization	Desexualization				No
Postcard 122	January 13, 1906	Germany	South Asia	Indian Ayah	British Empire	Sentimentalization							No
Postcard 123	Jul 19, 19—	UK	South Asia	Indian Ayah	British Empire	Orientalized Stereotype	Anthropological/Ethnographic	Photographic					No
Postcard 124		Sri Lanka	South Asia	Indian Ayah	Sexualization	Orientalized Stereotype	Anthropological/Ethnographic	Photographic					Yes
Postcard 125	June 30, 1920	UK	South Asia	Indian Ayah	British Empire	Anthropological/Ethnographic	Desexualization	Photographic	Tuck's				No
Postcard 126	November 30, 1920	UK	South Asia	Indian Ayah	French Empire	Anthropological/Ethnographic	Desexualization	Photographic					No
Postcard 127		Germany	South Asia	Indian Ayah	Anthropological/Ethnographic	Moorli Dhur & Sons	British Empire						Yes
Postcard 128	May 2, 1901	UK	South Asia	Men-servants	Anthropological/Ethnographic	British Empire	Photographic						
Postcard 129		NO DATA											
Postcard 130		NO DATA											
Postcard 131		NO DATA											
Postcard 132		NO DATA											
Postcard 133		NO DATA											
Postcard 134		NO DATA											
Postcard 135		NO DATA											
Postcard 136		NO DATA											
Postcard 137		NO DATA											
Postcard 138		NO DATA											
Postcard 139		NO DATA											
Postcard 140		NO DATA											
Postcard 141		NO DATA											
Postcard 142		NO DATA											
Postcard 143		NO DATA											
Postcard 144		NO DATA											
Postcard 145		NO DATA											
Postcard 146		NO DATA											
Postcard 147		NO DATA											
Postcard 148		NO DATA											
Postcard 149		NO DATA											
Postcard 150		France	Irish Bridget stereotype	Sexualization	Sexual impropriety	France	Working-class white maidservants						Yes
Postcard 151		NO DATA											
Postcard 152		NO DATA											
Postcard 153		Morocco	French Empire	Photographic postcard	Orientalized stereotype	Harem stereotype	Anthropologic/ethnographic						Yes
Postcard 154	no	France	French Empire/ France	Orientalized stereotype	Harem stereotype	Sexualization	New Imperialism						
Postcard 155		NO DATA											
Postcard 156		Tunisia	Anthropological/ethnographic	Orientalized stereotype 	Harem stereotype	Sexualization	French Empire	Photographic postcard 	White-bordered postcard				No
Postcard 157	no	France	French Empire/ France	Orientalized stereotype	Harem stereotype	Sexualization	New Imperialism 						
Postcard 158		NO DATA											
Postcard 159		NO DATA											
Postcard 160	June 5, 1905	France	Orientalized stereotype	Harem stereotype	Anthropological/ethnographic	Desexualization	French Empire	Photograph postcard	Coffee				Yes
Postcard 161		NO DATA											
Postcard 162		NO DATA											
Postcard 163		NO DATA											
Postcard 164		NO DATA											
Postcard 165		NO DATA											
Postcard 166		NO DATA											
Postcard 167		NO DATA											
Postcard 168		NO DATA											
Postcard 169		NO DATA											
Postcard 170	1926	Spain	Racist Caricature	Infantilization	Working-class white maidservants								
Postcard 171		NO DATA											
Postcard 172		NO DATA											
Postcard 173		NO DATA											
Postcard 174		USA	Mexican criada 	Anthropological/ethnographic	USA	Orientalized stereotype	Photographic postcard	White-bordered postcard 	Hand-tinted postcard				Yes
Postcard 175	January 31, 1907	Mexico	Mexican criada 	Anthropological/ethnographic	USA	Orientalized stereotype	Photographic	White-bordered postcard 	Desexualization				
Postcard 176		Mexico	Mexican criada 	Anthropological/ethnographic	USA	Orientalized stereotype	Hand-Tinted Postcard	White-bordered postcard 	Desexualization				
Postcard 177		NO DATA											
Postcard 178		NO DATA											
Postcard 179		NO DATA											
Postcard 180		NO DATA											
Postcard 181	March 21, 1944	France	Racist caricature	Orientalized stereotype	Men-servants	Emasculation	Infantilization 	French Empire	Washing/soap	Food			Yes
Postcard 182		NO DATA											
Postcard 183		NO DATA											
Postcard 184	April 1906	France	France	Orientalized stereotype	Lazy/stupid stereotype	Photographic postcard							Yes
Postcard 185		NO DATA											
Postcard 186		NO DATA											
Postcard 187		NO DATA											
Postcard 188		NO DATA											
Postcard 189		NO DATA											
Postcard 190		NO DATA											
Postcard 191		NO DATA											
Postcard 192		NO DATA											
Postcard 193		NO DATA											
Postcard 194		NO DATA											
Postcard 195		NO DATA											
Postcard 196		NO DATA											
Postcard 197		NO DATA											
Postcard 198		NO DATA											
Postcard 199		NO DATA											
Postcard 200		NO DATA											
Postcard 201		India	men-servants	south asia	anthropological/ethnographic	photographic postcard	hand-tinted postcard	moorli dhur & sons	new imperialism		british empire	orientalized stereotype	yes
Postcard 202		India	men-servants	south asia	anthropological/ethnographic	photographic postcard	hand-tinted postcard	moorli dhur & sons	new imperialism	emasculation	british empire	orientalized stereotype	yes
Postcard 203		India	men-servants	south asia	anthropological/ethnographic	photographic postcard	hand-tinted postcard	moorli dhur & sons	new imperialism	emasculation	british empire	orientalized stereotype	yes
Postcard 204		India	men-servants	south asia	anthropological/ethnographic	photographic postcard	hand-tinted postcard	moorli dhur & sons	new imperialism	emasculation	british empire	orientalized stereotype	yes
Postcard 205		India	men-servants	south asia	anthropological/ethnographic	photographic postcard	hand-tinted postcard	moorli dhur & sons	new imperialism		british empire	orientalized stereotype	yes
Postcard 206		India	men-servants	south asia	anthropological/ethnographic	photographic postcard	hand-tinted postcard	moorli dhur & sons	new imperialism		british empire	orientalized stereotype	yes
Postcard 207		India	men-servants	south asia	anthropological/ethnographic	photographic postcard	hand-tinted postcard	moorli dhur & sons	new imperialism	emasculation	british empire	orientalized stereotype	yes
Postcard 208		India	men-servants	south asia	anthropological/ethnographic	photographic postcard	hand-tinted postcard	moorli dhur & sons	new imperialism	emasculation	british empire	orientalized stereotype	yes
Postcard 209		India	men-servants	south asia	anthropological/ethnographic	photographic postcard	hand-tinted postcard	moorli dhur & sons	new imperialism		british empire	orientalized stereotype	yes
Postcard 210		NO DATA	men-servants	south asia	anthropological/ethnographic	photographic postcard			new imperialism	emasculation	british empire	orientalized stereotype	yes
Postcard 211		India	men-servants	south asia	anthropological/ethnographic			british empire	new imperialism	emasculation	infantilization	orientalized stereotype	yes
Postcard 212		India	men-servants	south asia	anthropological/ethnographic	photographic postcard	hand-tinted postcard	tuck's postcards	new imperialism	emasculation	british empire	orientalized stereotype	yes
Postcard 213		NO DATA											
Postcard 214		NO DATA	men-servants	south asia	anthropological/ethnographic				new imperialism	emasculation		orientalized stereotype	yes
Postcard 215		NO DATA	men-servants	south asia	anthropological/ethnographic				new imperialism	emasculation	infantilization	orientalized stereotype	yes
Postcard 216		NO DATA	men-servants	south asia	anthropological/ethnographic				new imperialism			orientalized stereotype	yes
Postcard 217		India	men-servants	south asia	anthropological/ethnographic	photographic postcard	hand-tinted postcard		new imperialism			orientalized stereotype	yes
Postcard 218		NO DATA											
Postcard 219		NO DATA	men-servants	south asia	anthropological/ethnographic	racist caricature			new imperialism	emasculation		orientalized stereotype	yes
Postcard 220		NO DATA	men-servants	south asia	anthropological/ethnographic	racist caricature			new imperialism	emasculation		orientalized stereotype	yes
Postcard 221		Portugal	men-servants		anthropological/ethnographic	photographic postcard			new imperialism				yes
Postcard 222		NO DATA	men-servants	south asia	anthropological/ethnographic				new imperialism			orientalized stereotype	yes
Postcard 223		NO DATA											
Postcard 224		NO DATA											
Postcard 225		NO DATA											
Postcard 226		NO DATA											
Postcard 227		NO DATA											
Postcard 228		NO DATA											
Postcard 229		NO DATA											
Postcard 230		NO DATA											
Postcard 231		NO DATA											
Postcard 232		NO DATA											
Postcard 233		NO DATA											
Postcard 234		NO DATA											
Postcard 235		NO DATA											
Postcard 236		NO DATA											
Postcard 237		NO DATA											
Postcard 238		NO DATA											
Postcard 239		NO DATA											
Postcard 240		NO DATA											
Postcard 241		NO DATA											
Postcard 242		NO DATA											
Postcard 243		NO DATA											
Postcard 244		NO DATA											
Postcard 245		NO DATA											
Postcard 246		NO DATA											
Postcard 247		NO DATA											
Postcard 248		NO DATA											
Postcard 249		NO DATA											
Postcard 250		NO DATA	men-servants	new imperialism	white-bordered postcard	racist caricature							yes
Postcard 251		NO DATA	men-servants	new imperialism	white-bordered postcard	racist caricature							yes
Postcard 252		NO DATA	men-servants	new imperialism	white-bordered postcard	racist caricature	orientalized stereotype						yes
Postcard 253		USA	men-servants	new imperialism	white-bordered postcard	racist caricature	orientalized stereotype						yes
Postcard 254	August 21, 1930	UK	men-servants	new imperialism		racist caricature	orientalized stereotype						yes
Postcard 255		NO DATA											
Postcard 256		NO DATA											
Postcard 257		Unknown	Orientalized stereotype 	Men-servants	Chinese “houseboy”/laundrymen	Emasculation							yes
Postcard 258		NO DATA											
Postcard 259		Unknown	Orientalized stereotype 	Men-servants	Chinese “houseboy”/laundrymen	Emasculation							yes
Postcard 260		NO DATA	men-servants	racist caricature	white-bordered								yes
Postcard 261		UK	men-servants	U.S.A.	photographic postcard	hand-tinted postcard	emasculation	antebellum nostalgia	sentimentalization				yes
Postcard 262		USA	men-servants	U.S.A.	emasculation	antebellum nostalgia	sentimentalization						yes
Postcard 263		USA	men-servants	U.S.A.	photographic postcard	hand-tinted postcard	sentimentalization	antebellum nostalgia					yes
Postcard 264		NO DATA											
Postcard 265		NO DATA											
Postcard 266		NO DATA											
Postcard 267		NO DATA											
Postcard 268		NO DATA											
Postcard 269		NO DATA											
Postcard 270		NO DATA											
Postcard 271		NO DATA											
Postcard 272		NO DATA											
Postcard 273		NO DATA											
Postcard 274		NO DATA											
Postcard 275		NO DATA											
Postcard 276		NO DATA											
Postcard 277		NO DATA											
Postcard 278		NO DATA											
Postcard 279		NO DATA											
Postcard 280		NO DATA											
Postcard 281		NO DATA											
Postcard 282		NO DATA											
Postcard 283		NO DATA											
Postcard 284		NO DATA											
Postcard 285		NO DATA											
Postcard 286		NO DATA											
Postcard 287		NO DATA											
Postcard 288		NO DATA											
Postcard 289		NO DATA											
Postcard 290		NO DATA											
Postcard 291		NO DATA											
Postcard 292		NO DATA											
Postcard 293		NO DATA											
Postcard 294		NO DATA											
Postcard 295		NO DATA											
Postcard 296		NO DATA											
Postcard 297		NO DATA											
Postcard 298		NO DATA											
Postcard 299		NO DATA											
Postcard 300	December 31, 1907	UK	UK	Irish Bridget stereotype	Racist caricature	Infantilization	Working-class white maidservants	Lazy/stupid stereotype					Yes
Postcard 301		NO DATA											
Postcard 302		NO DATA											
Postcard 303		UK	UK	Irish Bridget stereotype	Racist caricature 	Lazy/stupid stereotype	Working-class white maidservants	Tom Browne illustration	Washing/Soap				Yes
Postcard 304	yes, date obscured	UK	UK 	Irish Bridget stereotype	Lazy/stupid stereotype	Working-class white maidservants	Servants Insurance						
Postcard 305	August 6th, 1912	UK	UK 	Irish Bridget stereotype	Lazy/stupid stereotype	Working-class white maidservants	Servants Insurance						
Postcard 306		UK	UK 	Irish Bridget stereotype	Lazy/stupid stereotype	Working-class white maidservants	Servants Insurance	Tom Browne Illustration					
Postcard 307		UK		UK 	Irish Bridget stereotype	Lazy/stupid stereotype	Working-class white maidservants	Servants Insurance					
Postcard 308	December 13, 1907	UK	UK	Irish Bridget stereotype	Desexualization	Lazy/stupid stereotype	Servants Insurance	Tea	Working-class white maidservants				Yes
Postcard 309		UK	UK 	Irish Bridget stereotype	Lazy/stupid stereotype	Working-class white maidservants	Servants Insurance						
Postcard 310		UK	UK	Irish Bridget stereotype	sexual impropriety	sexualization	working-class white maidservants	Tom Browne Illustration					
Postcard 311		Unknown	Working-class white maidservants	Sexualization	Sexual impropriety	Lazy/stupid stereotype							Yes
Postcard 312	November 10, 1909	USA	Working-class white maidservants	Irish Bridget stereotype	Sexual impropriety	Lazy/stupid stereotype	Sexualization	USA					Yes
Postcard 313	July 13, 1908	USA	USA	Irish Bridget stereotype	Desexualization	Lazy/stupid stereotype	Working-class white maidservants						Yes
Postcard 314		NO DATA											
Postcard 315		NO DATA											
Postcard 316		UK	Working-class white maidservants	UK	Irish Bridget stereotype	Sexual impropriety	Lazy/stupid stereotype						Yes
Postcard 317		UK	Working-class white maidservants	UK	Irish Bridget stereotype	Sexual impropriety	Lazy/stupid stereotype						Yes
Postcard 318		Unknown	Working-class white maidservants	Sexual impropriety	Sexualization	Lazy/stupid stereotype	Food						Yes
Postcard 319		UK	Tom Browne illustration	Sexual impropriety	Working-class white maidservants	UK	Food	Sexualization					Yes
Postcard 320	March 29, 1905	UK	Working-class white maidservants	UK	Sexual impropriety	Sexualization							Yes
Postcard 321	Feburary 13, 1905	UK	Working-class white maidservants	UK	Irish Bridget stereotype	Sexualization	Sexual impropriety	Lazy/stupid stereotype					Yes
Postcard 322	September 13 (Year Illegible)	USA	Working-class white maidservants	USA	Sexual impropriety	Sexualization	Lazy/stupid stereotype						Yes
Postcard 323	August 15, 1911	USA	USA	Irish Bridget stereotype	Sexualization	Sexual impropriety	Working-class white maidservants						Yes
Postcard 324		UK	UK	Working-class white maidservants	Irish Bridget stereotype	Sexual impropriety	Sexualization	Lazy/stupid stereotype					Yes
Postcard 325	August 18, 1939	USA	USA	Working-class white maidservants	Irish Bridget stereotype	Sexual impropriety	Sexualization	Lazy/stupid stereotype					Yes
Postcard 326	February 4, 1908	USA	USA	Tom Browne illustration	Working-class white maidservants	Sexual impropriety	Sexualization	Lazy/stupid stereotype					Yes
Postcard 327	October 18, 1907	UK	UK	Irish Bridget stereotype	sexual impropriety	sexualization	working-class white maidservants	Tom Browne Illustration					
Postcard 328	December 4, 1906	Australia	Working-class white maidservants	Sexualization	Sexual impropriety	Lazy/stupid stereotype							Yes
Postcard 329		USA	USA	Working-class white maidservants	Sexual impropriety	Sexualization	Washing/soap						No
Postcard 330		NO DATA											
Postcard 331		NO DATA											
Postcard 332		NO DATA											
Postcard 333		NO DATA											
Postcard 334	February 1908	Australia	Irish Bridget stereotype	Working-class white maidservants	Lazy/stupid stereotype	UK							
Postcard 335	September 13, 1904	UK	UK	Working-class white maidservants		Irish Bridget stereotype	Lazy/stupid stereotype	Food					Yes
Postcard 336	20 August, 1969	New Zealand	Irish Bridget stereotype	Working-class white maidservants	Lazy/stupid stereotype	UK	men servants						
Postcard 337	illegible	New Zealand	Irish Bridget stereotype	Working-class white maidservants	Lazy/stupid stereotype	UK							
Postcard 338	August 1, ca. 1920's	New Zealand	Irish Bridget stereotype	Working-class white maidservants	Lazy/stupid stereotype	UK							
Postcard 339	1905; almost unintelligible	UK	UK	Irish Bridget stereotype	Working-class white maidservants	Desexualization	Emasculation						Yes
Postcard 340	1912	USA	UK	USA	Anti-semetic 	Working-class white maidservants							
Postcard 341	8 July 1911	UK	Working-class white maidservants	UK	Bamforth postcards	Hand-tinted postcard	Sexual impropriety	Irish Bridget stereotype					
Postcard 342		UK	Bamforth postcard	Working-class white maidservants	UK	hand-tinted postcard	Sexual impropriety	irish Bridget stereotype					
Postcard 343	22 August 1910	USA	Bamforth postcard	Working-class white maidservants	UK	hand-tinted postcard	Sexual impropriety	irish Bridget stereotype	USA				
Postcard 344	November 1910	USA	Bamforth postcard	Working-class white maidservants	UK	hand-tinted postcard	lazy/stupid stereotype	irish Bridget stereotype	USA				
Postcard 345	November 11, 1910	USA	Bamforth postcards	USA	Working-class white maidservants	Irish Bridget stereotype	Sexual impropriety	Sexualization	Lazy/stupid stereotype				Yes
Postcard 346		UK	Bamforth postcards	UK	Working-class white maidservants	Irish Bridget stereotype	Sexual impropriety	Washing/soap					Yes
Postcard 347	June 19, 1912	USA	Bamforth postcards	USA	Working-class white maidservants	Irish Bridget stereotype	Lazy/stupid stereotype	UK					Yes
Postcard 348	Sept 17, 1908	USA	Bamforth postcards	USA	Working-class white maidservants	Irish Bridget stereotype	Lazy/stupid stereotype	UK					
Postcard 349		UK	Bamforth postcards	USA	Working-class white maidservants	Irish Bridget stereotype	Lazy/stupid stereotype	UK					
Postcard 350		UK	Bamforth postcards	USA	Working-class white maidservants	Irish Bridget stereotype	Lazy/stupid stereotype	UK					
Postcard 351	12 February 1909	USA	Bamforth postcards	USA	Working-class white maidservants	Irish Bridget stereotype	Sexual impropriety	Sexualization	Lazy/stupid stereotype	USA			
Postcard 352		UK	Tom Browne illustration	UK	Working-class white maidservants	Irish Bridget stereotypes	Desexualization						Yes
Postcard 353		NO DATA											
Postcard 354	August 27, 1906	UK	Racist caricature 	UK	Lazy/stupid stereotype	Tom Browne illustration							Yes
Postcard 355		NO DATA											
Postcard 356		NO DATA											
Postcard 357		NO DATA											
Postcard 358	March 11, 1909	UK	UK	Irish Bridget stereotype	Working-class white maidservants	Tom Browne illustration	Desexualization						Yes
Postcard 359		NO DATA											
Postcard 360		NO DATA											
Postcard 361	October 12, 1908	USA	USA	Irish Bridget stereotype	Working-class white maidservants	Desexualization	Lazy/stupid stereotype						Yes
Postcard 362	Postmarked, but unintelligible	UK	Tom Browne illustration	Irish Bridget stereotype	Working-class white maidservants	UK	Lazy/stupid stereotype						Yes
Postcard 363		NO DATA											
Postcard 364	no	USA	irish bridget sterotype	working class white maidservant	stupid/ lazy sterotype	sexualization	sexual impropriety						
Postcard 365	21 August 1912	USA	working class white maidservant	stupid/ lazy sterotype	sexualization	sexual impropriety	irish bridget sterotype						
Postcard 366		NO DATA											
Postcard 367		NO DATA											
Postcard 368		NO DATA											
Postcard 369		NO DATA											
Postcard 370		NO DATA											
Postcard 371		NO DATA											
Postcard 372		NO DATA											
Postcard 373		NO DATA											
Postcard 374		NO DATA											
Postcard 375		NO DATA											
Postcard 376		NO DATA											
Postcard 377		NO DATA											
Postcard 378		NO DATA											
Postcard 379		NO DATA											
Postcard 380		NO DATA											
Postcard 381		NO DATA											
Postcard 382		NO DATA											
Postcard 383		NO DATA											
Postcard 384		NO DATA											
Postcard 385		NO DATA											
Postcard 386		NO DATA											
Postcard 387		NO DATA											
Postcard 388		NO DATA											
Postcard 389		NO DATA											
Postcard 390		NO DATA											
Postcard 391		NO DATA											
Postcard 392		NO DATA											
Postcard 393		NO DATA											
Postcard 394		NO DATA											
Postcard 395		NO DATA											
Postcard 396		NO DATA											
Postcard 397		NO DATA											
Postcard 398		NO DATA											
Postcard 399		UK	Bamforth postcards	UK	Working-class white maidservants	Irish Bridget stereotype	Sexual impropriety	Sexualization	Lazy/stupid stereotype				
Postcard 400		NO DATA											
Postcard 401		NO DATA											
Postcard 402		NO DATA											
Postcard 403		NO DATA											
Postcard 404		NO DATA											
Postcard 405		NO DATA											
Postcard 406		NO DATA											
Postcard 407		NO DATA											
Postcard 408		NO DATA											
Postcard 409		NO DATA											
Postcard 410		NO DATA											
Postcard 411		NO DATA											
Postcard 412		NO DATA											
Postcard 413		NO DATA											
Postcard 414		NO DATA											
Postcard 415		NO DATA											
Postcard 416		NO DATA											
Postcard 417		NO DATA											
Postcard 418		NO DATA											
Postcard 419		NO DATA											
Postcard 420		NO DATA											
Postcard 421		NO DATA											
Postcard 422		NO DATA											
Postcard 423		NO DATA											
Postcard 424		NO DATA											
Postcard 425		NO DATA											
Postcard 426		NO DATA											
Postcard 427		NO DATA											
Postcard 428		NO DATA											
Postcard 429		NO DATA											
Postcard 430		NO DATA											
Postcard 431		NO DATA											
Postcard 432		NO DATA											
Postcard 433		NO DATA											
Postcard 434		NO DATA											
Postcard 435		NO DATA											
Postcard 436		NO DATA											
Postcard 437		NO DATA											
Postcard 438		NO DATA											
Postcard 439		NO DATA											
Postcard 440		NO DATA											
Postcard 441		NO DATA											
Postcard 442		NO DATA											
Postcard 443		NO DATA											
Postcard 444		NO DATA											
Postcard 445		NO DATA											
Postcard 446		NO DATA											
Postcard 447		NO DATA											
Postcard 448	July 26, 1905	UK	UK	Working-class white maidservants	Irish Bridget stereotype	Sexual impropriety	Sexualization	Lazy/stupid stereoype					Yes
Postcard 449		NO DATA											
Postcard 450		NO DATA											
Postcard 451		NO DATA											
Postcard 452		NO DATA											
Postcard 453		Indonesia	Indonesian Baboe	Dutch Empire	Orientalization	Anthropological/Ethnographic	Sentimentalization						yes
Postcard 454		USA	USA	White-bordered postcard	Photographic postcard	Hand-tinted postcard	Lazy/stupid stereotype	Orientalized stereotype	Anthropological/ethnographic				Yes
Postcard 455		China	Chinese Amah	Photographic postcard	British Empire	Desexualized	Anthropological/Ethnographic						yes
Postcard 456		NO DATA											
Postcard 457		NO DATA											
Postcard 458		NO DATA											
Postcard 459		NO DATA											
Postcard 460		NO DATA											
Postcard 461		NO DATA											
Postcard 462		NO DATA											
Postcard 463		NO DATA											
Postcard 464		NO DATA											
Postcard 465		NO DATA											
Postcard 466		NO DATA											
Postcard 467		NO DATA											
Postcard 468		NO DATA											
Postcard 469		NO DATA											
Postcard 470		NO DATA											
Postcard 471		NO DATA											
Postcard 472		NO DATA											
Postcard 473		NO DATA											
Postcard 474		NO DATA											
Postcard 475		NO DATA											
Postcard 476		NO DATA											
Postcard 477		NO DATA											
Postcard 478		NO DATA											
Postcard 479		NO DATA											
Postcard 480		NO DATA											
Postcard 481		NO DATA											
Postcard 482		NO DATA											
Postcard 483		NO DATA											
Postcard 484		NO DATA											
Postcard 485		NO DATA											
Postcard 486		NO DATA											
Postcard 487		NO DATA											
Postcard 488		NO DATA											
Postcard 489		NO DATA											
Postcard 490		NO DATA											
Postcard 491		NO DATA											
Postcard 492		NO DATA											
Postcard 493		NO DATA											
Postcard 494		NO DATA											
Postcard 495		NO DATA											
Postcard 496		NO DATA											
Postcard 497		NO DATA											
Postcard 498		NO DATA											
Postcard 499		NO DATA											
Trade card 500	N/A	USA	Mammy Caricature	USA	desexualization	racist caricature							Yes
Trade card 501	N/A	NO DATA											
Trade card 502	N/A	NO DATA											
Trade card 503	N/A	NO DATA											
Trade card 504	N/A	USA	Mammy Stereotype	USA	Antebellum nostalgia	Sentimentalization							Yes
Trade card 505	N/A	USA	Mammy Stereotype	Infantalization 	USA	Lazy/Stupid							Yes
Trade card 506	N/A	USA	Mammy Stereotype	USA									No
Trade card 507	N/A	USA	Mammy Stereotype	USA	Desexualization								Yes
Trade card 508	N/A	USA	Mammy Stereotype	USA	Desexualization								Yes
Trade card 509	N/A	USA	Mammy Stereotype	USA	Desexualization								Yes
Trade card 510	N/A	USA	Mammy Stereotype	USA	Desexualization								Yes
Trade card 511	N/A	USA	Mammy Stereotype	USA	Desexualization	Washing							Yes
Trade card 512	N/A	USA	Mammy Stereotype	USA	Sexualization	Washing							No
Trade card 513	N/A	USA	Mammy Stereotype	USA		Washing							No
Trade card 514	N/A	Germany	USA	Germany	Mammy Stereotypes	Desexualization	Ethnography						Yes
Trade card 515	N/A	USA	USA	Mammy Stereotype	Infantialization	Desexualization	Food						Yes
Trade card 516	N/A	USA	Mammy Stereotype	USA	Washing	Scrapbooking							Yes
Trade card 517	N/A	USA	Mammy Stereotype	USA	Washing								Yes
Trade card 518	N/A	NO DATA											
Trade card 519	N/A	USA	Mammy Stereotype	USA	Washing/Soap	Jim Crow							Yes
Trade card 520	N/A	USA	Mammy Stereotype	USA	Washing/Soap	Jim Crow							Yes
Trade card 521	N/A	USA	Mammy Stereotype	USA	Washing/Soap	Jim Crow							Yes
Trade card 522	N/A	USA	Mammy Stereotype	USA	Washing/Soap	Jim Crow							Yes
Trade card 523	N/A	USA	Mammy Stereotype	USA	Washing/Soap	Jim Crow							Yes
Trade card 524	N/A	USA	Mammy Stereotype	USA	Washing/Soap	Jim Crow							Yes
Trade card 525	N/A	USA	Mammy Stereotype	USA	Washing/Soap	Jim Crow							Yes
Trade card 526	N/A	USA	Mammy Stereotype	USA	Washing/Soap	Jim Crow							Yes
Trade card 527	N/A	USA	Mammy Stereotype	USA	Washing/Soap	Jim Crow							Yes
Trade card 528	N/A	NO DATA											
Trade card 529	N/A	NO DATA											
Trade card 530	N/A	NO DATA											
Trade card 531	N/A	NO DATA											
Trade card 532	N/A	NO DATA											
Trade card 533	N/A	NO DATA											
Trade card 534	N/A	NO DATA											
Trade card 535	N/A	NO DATA											
Trade card 536	N/A	NO DATA											
Trade card 537	N/A	NO DATA											
Trade card 538	N/A	NO DATA											
Trade card 539	N/A	NO DATA											
Trade card 540	N/A	NO DATA											
Trade card 541	N/A	NO DATA											
Trade card 542	N/A	NO DATA											
Trade card 543	N/A	NO DATA											
Trade card 544	N/A	NO DATA											
Trade card 545	N/A	NO DATA											
Trade card 546	N/A	NO DATA											
Trade card 547	N/A	NO DATA											
Trade card 548	N/A	NO DATA											
Trade card 549	N/A	NO DATA											
Trade card 550	N/A	NO DATA											
Trade card 551	N/A	NO DATA											
Trade card 552	N/A	NO DATA											
Trade card 553	N/A	NO DATA											
Trade card 554	N/A	NO DATA											
Trade card 555	N/A	NO DATA											
Trade card 556	N/A	NO DATA											
Trade card 557	N/A	NO DATA											
Trade card 558	N/A	NO DATA											
Trade card 559	N/A	NO DATA											
Trade card 560	N/A	NO DATA											
Trade card 561	N/A	NO DATA											
Trade card 562	N/A	NO DATA											
Trade card 563	N/A	NO DATA											
Trade card 564	N/A	NO DATA											
Trade card 565	N/A	NO DATA											
Trade card 566	N/A	NO DATA											
Trade card 567	N/A	NO DATA											
Trade card 568	N/A	NO DATA											
Trade card 569	N/A	NO DATA											
Trade card 570	N/A	NO DATA											
Trade card 571	N/A	NO DATA											
Trade card 572	N/A	NO DATA											
Trade card 573	N/A	NO DATA											
Trade card 574	N/A	NO DATA											
Trade card 575	N/A	NO DATA											
Trade card 576	N/A	NO DATA											
Trade card 577	N/A	NO DATA											
Trade card 578	N/A	NO DATA											
Trade card 579	N/A	NO DATA											
Trade card 580	N/A	NO DATA											
Trade card 581	N/A	NO DATA											
Trade card 582	N/A	NO DATA											
Trade card 583	N/A	NO DATA											
Trade card 584	N/A	NO DATA											
Trade card 585	N/A	NO DATA											
Trade card 586	N/A	NO DATA											
Trade card 587	N/A	NO DATA											
Trade card 588	N/A	NO DATA											
Trade card 589	N/A	NO DATA											
Trade card 590	N/A	NO DATA											
Trade card 591	N/A	NO DATA											
Trade card 592	N/A	NO DATA											
Trade card 593	N/A	NO DATA											
Trade card 594	N/A	NO DATA											
Trade card 595	N/A	NO DATA											
Trade card 596	N/A	NO DATA											
Trade card 597	N/A	NO DATA											
Trade card 598	N/A	NO DATA											
Trade card 599	N/A	NO DATA											
Trade card 600	N/A	NO DATA											
Trade card 601	N/A	NO DATA											
Trade card 602	N/A	USA	USA	Working-class white maidservants	Irish Bridget stereotype	Lazy/stupid stereotype	Washing/Soap						Yes 
Trade card 603	N/A	USA	USA	Working-class white maidservants	Irish Bridget stereotype	Lazy/stupid stereotype	Washing/Soap						Yes 
Trade card 604	N/A	USA	USA	Working-class white maidservants	Sexual impropriety	Sexualization	Washing/Soap						Yes
Trade card 605	N/A	USA	USA	White-bordered postcard 	Washing/Soap	Working-class white maidservants							Yes
Trade card 606	N/A	NO DATA											
Trade card 607	N/A	USA	USA	Racist caricature 	Mammy stereotype	Chinese "houseboy"/laundrymen	Emasculation	Desexualization	Working-class white maidservants	New Imperialism	Tea		Yes 
Trade card 608	N/A	USA	USA	Coffee	Working-class white maidservants	Irish Bridget stereotype	Sexual impropriety	Sexualization	Desexualization				Yes 
Trade card 609	N/A	NO DATA											
Trade card 610	N/A	NO DATA											
Trade card 611	N/A	NO DATA											
Trade card 612	N/A	NO DATA											
Trade card 613	N/A	NO DATA											
Trade card 614	N/A	NO DATA											
Trade card 615	N/A	NO DATA											
Trade card 616	N/A	NO DATA											
Trade card 617	N/A	NO DATA											
Trade card 618	N/A	NO DATA											
Trade card 619	N/A	NO DATA											
Trade card 620	N/A	NO DATA											
Trade card 621	N/A	NO DATA											
Trade card 622	N/A	NO DATA											
Trade card 623	N/A	NO DATA											
Trade card 624	N/A	NO DATA											
Trade card 625	N/A	NO DATA											
Trade card 626	N/A	NO DATA											
Trade card 627	N/A	NO DATA											
Trade card 628	N/A	NO DATA											
Trade card 629	N/A	NO DATA											
Trade card 630	N/A	NO DATA											
Trade card 631	N/A	NO DATA											
Trade card 632	N/A	NO DATA											
Trade card 633	N/A	NO DATA											
Trade card 634	N/A	NO DATA											
Trade card 635	N/A	NO DATA											
Trade card 636	N/A	NO DATA											
Trade card 637	N/A	NO DATA											
Trade card 638	N/A	NO DATA											
Trade card 639	N/A	NO DATA											
Trade card 640	N/A	NO DATA											
Trade card 641	N/A	NO DATA											
Trade card 642	N/A	NO DATA											
Trade card 643	N/A	NO DATA											
Trade card 644	N/A	NO DATA											
Trade card 645	N/A	NO DATA											
Trade card 646	N/A	NO DATA											
Trade card 647	N/A	NO DATA											
Trade card 648	N/A	NO DATA											
Trade card 649	N/A	NO DATA											
Trade card 650	N/A	NO DATA											
Trade card 651	N/A	NO DATA											
Trade card 652	N/A	NO DATA											
Trade card 653	N/A	NO DATA											
Trade card 654	N/A	NO DATA											
Trade card 655	N/A	NO DATA											
Trade card 656	N/A	NO DATA											
Trade card 657	N/A	NO DATA											
Trade card 658	N/A	NO DATA											
Trade card 659	N/A	NO DATA											
Trade card 660	N/A	NO DATA											
Trade card 661	N/A	NO DATA											
Trade card 662	N/A	NO DATA											
Trade card 663	N/A	NO DATA											
Trade card 664	N/A	NO DATA											
Trade card 665	N/A	NO DATA											
Trade card 666	N/A	NO DATA											
Trade card 667	N/A	NO DATA											
Trade card 668	N/A	NO DATA											
Trade card 669	N/A	NO DATA											
Trade card 670	N/A	NO DATA											
Trade card 671	N/A	NO DATA											
Trade card 672	N/A	NO DATA											
Trade card 673	N/A	NO DATA											
Trade card 674	N/A	NO DATA											
Trade card 675	N/A	NO DATA											
Trade card 676	N/A	NO DATA											
Trade card 677	N/A	NO DATA											
Trade card 678	N/A	NO DATA											
Trade card 679	N/A	NO DATA											
Trade card 680	N/A	NO DATA											
Trade card 681	N/A	NO DATA											
Trade card 682	N/A	NO DATA											
Trade card 683	N/A	NO DATA											
Trade card 684	N/A	NO DATA											
Trade card 685	N/A	NO DATA											
Trade card 686	N/A	NO DATA											
Trade card 687	N/A	NO DATA											
Trade card 688	N/A	NO DATA											
Trade card 689	N/A	NO DATA											
Trade card 690	N/A	NO DATA											
Trade card 691	N/A	NO DATA											
Trade card 692	N/A	NO DATA											
Trade card 693	N/A	NO DATA											
Trade card 694	N/A	NO DATA											
Trade card 695	N/A	NO DATA											
Trade card 696	N/A	NO DATA											
Trade card 697	N/A	NO DATA											
Trade card 698	N/A	NO DATA											
Trade card 699	N/A	NO DATA											
Trade card 700	N/A	USA	Orientalized stereotype	USA	Asian Exclusion	Clothing/thread	Washing						Yes
Trade card 701	N/A	USA	Orientalized stereotype	USA	Clothing/thread	Animalization	Emasculation	Asian exclusion	Men-servants				Yes
Trade card 702	N/A	USA	Orientalized stereotype	USA	Washing								Yes
Trade card 703	N/A	USA	Orientalized stereotype	USA	Asian Exclusion	Tea							Yes
Trade card 704	N/A	USA	Orientalized stereotype	USA	Washing	Hand-tinted							Yes
Trade card 705	N/A	USA	Orientalized stereotype	USA	Washing	Hand-tinted							Yes
Trade card 706	N/A	USA	Orientalized stereotype	USA	Washing	Hand-tinted							Yes
Trade card 707	N/A	USA	Orientalized stereotype	USA	Washing	Hand-tinted							Yes
Trade card 708	N/A	USA	Orientalized stereotype	USA	Washing								Yes
Trade card 709	N/A	USA	Orientalized stereotype	USA	Washing	Asian Exclusion	Emasculation						Yes
Trade card 710	N/A	NO DATA	Orientalized stereotype	Washing	Men-servants	Asian Exclusion							Yes
Trade card 711	N/A	USA	Orientalized stereotype	USA	Asian Exclusion								Yes
Trade card 712	N/A	USA	Orientalized stereotype	USA	Washing	Asian Exclusion	Emasculation						Yes
Trade card 713	N/A	USA	Orientalized stereotype	USA	Washing	Asian Exclusion	Emasculation	Infantilization					Yes
Trade card 714	N/A	USA	Orientalized stereotype	USA	Washing	Asian Exclusion	Men-servants	Emasculation					Yes
Trade card 715	N/A	NO DATA											
Trade card 716	N/A	NO DATA											
Trade card 717	N/A	NO DATA											
Trade card 718	N/A	NO DATA											
Trade card 719	N/A	NO DATA											
Trade card 720	N/A	NO DATA											
Trade card 721	N/A	NO DATA											
Trade card 722	N/A	NO DATA											
Trade card 723	N/A	NO DATA											
Trade card 724	N/A	NO DATA											
Trade card 725	N/A	NO DATA											
Trade card 726	N/A	NO DATA											
Trade card 727	N/A	NO DATA											
Trade card 728	N/A	NO DATA											
Trade card 729	N/A	NO DATA											
Trade card 730	N/A	NO DATA											
Trade card 731	N/A	NO DATA											
Trade card 732	N/A	NO DATA											
Trade card 733	N/A	NO DATA											
Trade card 734	N/A	NO DATA											
Trade card 735	N/A	NO DATA											
Trade card 736	N/A	NO DATA											
Trade card 737	N/A	NO DATA											
Trade card 738	N/A	NO DATA											
Trade card 739	N/A	NO DATA											
Trade card 740	N/A	NO DATA											
Trade card 741	N/A	NO DATA											
Trade card 742	N/A	NO DATA											
Trade card 743	N/A	NO DATA											
Trade card 744	N/A	NO DATA											
Trade card 745	N/A	NO DATA											
Trade card 746	N/A	NO DATA											
Trade card 747	N/A	NO DATA											
Trade card 748	N/A	NO DATA											
Trade card 749	N/A	NO DATA											
Trade card 750	N/A	Unknown	Racist Caricature	Men-servants	Emasculation	Animalization 	Washing/soap						
Trade card 751	N/A	Unknown	Racist Caricature 	Men-servants	Emasculation	Animalization 	Washing/soap						
Trade card 752	N/A	Unknown	Racist Caricature	Men-servants	Emasculation	Animalization 	Washing/soap						
Trade card 753	N/A	Unknown	Racist Caricature 	Men-servants	Emasculation	Animalization 	Washing/soap						
Trade card 754	N/A	Unknown	Racist Caricature	Men-servants	Emasculation	Animalization 	Washing/soap						
Trade card 755	N/A	Unknown	Racist Caricature 	Men-servants	Emasculation	Animalization 	Washing/soap						
Trade card 756	N/A	Unknown	Racist Caricature	Men-servants	Emasculation	Animalization 	Washing/soap						
Trade card 757	N/A	Unknown	Racist Caricature 	Men-servants	Emasculation	Animalization 	Washing/soap						
Trade card 758	N/A	NO DATA											
Trade card 759	N/A	NO DATA											
Trade card 760	N/A	NO DATA											
Trade card 761	N/A	NO DATA											
Trade card 762	N/A	NO DATA											
Trade card 763	N/A	NO DATA											
Trade card 764	N/A	NO DATA											
Trade card 765	N/A	NO DATA											
Trade card 766	N/A	NO DATA											
Trade card 767	N/A	NO DATA											
Trade card 768	N/A	NO DATA											
Trade card 769	N/A	NO DATA											
Trade card 770	N/A	NO DATA											
Trade card 771	N/A	NO DATA											
Trade card 772	N/A	NO DATA											
Trade card 773	N/A	NO DATA											
Trade card 774	N/A	NO DATA											
Trade card 775	N/A	NO DATA											
Trade card 776	N/A	NO DATA											
Trade card 777	N/A	NO DATA											
Trade card 778	N/A	NO DATA											
Trade card 779	N/A	NO DATA											
Trade card 780	N/A	NO DATA											
Trade card 781	N/A	NO DATA											
Trade card 782	N/A	NO DATA											
Trade card 783	N/A	NO DATA											
Trade card 784	N/A	NO DATA											
Trade card 785	N/A	NO DATA											
Trade card 786	N/A	NO DATA											
Trade card 787	N/A	NO DATA											
Trade card 788	N/A	NO DATA											
Trade card 789	N/A	NO DATA											
Trade card 790	N/A	NO DATA											
Trade card 791	N/A	NO DATA											
Trade card 792	N/A	NO DATA											
Trade card 793	N/A	NO DATA											
Trade card 794	N/A	NO DATA											
Trade card 795	N/A	NO DATA											
Trade card 796	N/A	NO DATA											
Trade card 797	N/A	NO DATA											
Trade card 798	N/A	NO DATA											
Trade card 799	N/A	NO DATA											
Trade card 800	N/A	USA	USA	Food	Racist Caricature	Men-servants	Animalization						
Trade card 801	N/A	USA	USA	Food	Racist Caricature	Men-servants	Animalization						Yes
Trade card 802	N/A	USA	USA	Food	Racist Caricature	Anthropological/ethnographic	new imperialism 						
Trade card 803	N/A	NO DATA											
Trade card 804	N/A	NO DATA											
Trade card 805	N/A	USA	clothing/thread	infantilization	emasculation	new imperialism	men-servants	racist caricature	orientalized stereotype				yes
Trade card 806	N/A	USA	USA	Coffee	Orientalization	Harem stereotype	Men-servants	Racist Caricature	Infantilization	Emasculation			Yes
Trade card 807	N/A	NO DATA	Germany	Coffee	men-servants	emasulation	infantalization						
Trade card 808	N/A	NO DATA											
Trade card 809	N/A	Unknown	Racist Caricature	Orientalizaton	Emasculation	Food	Infantilization	New Imperialism	French Empire				Yes
Trade card 810	N/A	USA	Anthropological/ethnographic 	Coffee									
Trade card 811	N/A	NO DATA	Racist Caricature	Men-servants	Emasculation	Infantalization	New Imperialism	France					
Trade card 812	N/A	NO DATA											
Trade card 813	N/A	NO DATA											
Trade card 814	N/A	NO DATA											
Trade card 815	N/A	NO DATA											
Trade card 816	N/A	NO DATA											
Trade card 817	N/A	NO DATA											
Trade card 818	N/A	NO DATA											
Trade card 819	N/A	NO DATA											
Trade card 820	N/A	NO DATA											
Trade card 821	N/A	NO DATA											
Trade card 822	N/A	NO DATA											
Trade card 823	N/A	NO DATA											
Trade card 824	N/A	NO DATA											
Trade card 825	N/A	NO DATA											
Trade card 826	N/A	NO DATA											
Trade card 827	N/A	NO DATA											
Trade card 828	N/A	NO DATA											
Trade card 829	N/A	NO DATA											
Trade card 830	N/A	NO DATA											
Trade card 831	N/A	NO DATA											
Trade card 832	N/A	NO DATA											
Trade card 833	N/A	NO DATA											
Trade card 834	N/A	NO DATA											
Trade card 835	N/A	NO DATA											
Trade card 836	N/A	NO DATA											
Trade card 837	N/A	NO DATA											
Trade card 838	N/A	NO DATA											
Trade card 839	N/A	NO DATA											
Trade card 840	N/A	NO DATA											
Trade card 841	N/A	NO DATA											
Trade card 842	N/A	NO DATA											
Trade card 843	N/A	NO DATA											
Trade card 844	N/A	NO DATA											
Trade card 845	N/A	NO DATA											
Trade card 846	N/A	NO DATA											
Trade card 847	N/A	NO DATA											
Trade card 848	N/A	NO DATA											
Trade card 849	N/A	NO DATA											
Trade card 850	N/A	NO DATA											
Trade card 851	N/A	NO DATA											
Trade card 852	N/A	NO DATA											
Trade card 853	N/A	NO DATA											
Trade card 854	N/A	NO DATA											
Trade card 855	N/A	NO DATA											
Trade card 856	N/A	NO DATA											
Trade card 857	N/A	NO DATA											
Trade card 858	N/A	NO DATA											
Trade card 859	N/A	NO DATA											
Trade card 860	N/A	NO DATA											
Trade card 861	N/A	NO DATA											
Trade card 862	N/A	NO DATA											
Trade card 863	N/A	NO DATA											
Trade card 864	N/A	NO DATA											
Trade card 865	N/A	NO DATA											
Trade card 866	N/A	NO DATA											
Trade card 867	N/A	NO DATA											
Trade card 868	N/A	NO DATA											
Trade card 869	N/A	NO DATA											
Trade card 870	N/A	NO DATA											
Trade card 871	N/A	NO DATA											
Trade card 872	N/A	NO DATA											
Trade card 873	N/A	NO DATA											
Trade card 874	N/A	NO DATA											
Trade card 875	N/A	NO DATA											
Trade card 876	N/A	NO DATA											
Trade card 877	N/A	NO DATA											
Trade card 878	N/A	NO DATA											
Trade card 879	N/A	NO DATA											
Trade card 880	N/A	NO DATA											
Trade card 881	N/A	NO DATA											
Trade card 882	N/A	NO DATA											
Trade card 883	N/A	NO DATA											
Trade card 884	N/A	NO DATA											
Trade card 885	N/A	NO DATA											
Trade card 886	N/A	NO DATA											
Trade card 887	N/A	NO DATA											
Trade card 888	N/A	NO DATA											
Trade card 889	N/A	NO DATA											
Trade card 890	N/A	NO DATA											
Trade card 891	N/A	NO DATA											
Trade card 892	N/A	NO DATA											
Trade card 893	N/A	NO DATA											
Trade card 894	N/A	NO DATA											
Trade card 895	N/A	NO DATA											
Trade card 896	N/A	NO DATA											
Trade card 897	N/A	NO DATA											
Trade card 898	N/A	NO DATA											
Trade card 899	N/A	NO DATA											